{
    "Last_Update": "19/04/2020",
        "total" : {
            "sum" : "2765",
            "dead" : "47"
        },
        "0-10" : {
            "sum" : "51",
            "dead" : "0"
        },
        "11-20" : {
            "sum" : "84",
            "dead" : "0"
        },
        "21-30" : {
            "sum" : "677",
            "dead" : "1"
        },
        "31-40" : {
            "sum" : "675",
            "dead" : "4"
        },
        "41-50" : {
            "sum" : "502",
            "dead" : "8"
        },
        "51-60" : {
            "sum" : "374",
            "dead" : "14"
        },
        "61-70" : {
            "sum" : "202",
            "dead" : "7"
        },
        "71-80" : {
            "sum" : "84",
            "dead" : "8"
        },
        "81-90" : {
            "sum" : "18",
            "dead" : "5"
        },
        "91-100" : {
            "sum" : "2",
            "dead" : "0"
        },
        "unknown" : {
            "sum" : "96",
            "dead" : "0"
        }
}