{
    "Last_Update": "19/04/2020",
        "total" : {
            "sum" : "2765",
            "recover" : "2718"
        },
        "0-10" : {
            "sum" : "51",
            "recover" : "51"
        },
        "11-20" : {
            "sum" : "84",
            "recover" : "84"
        },
        "21-30" : {
            "sum" : "677",
            "recover" : "676"
        },
        "31-40" : {
            "sum" : "675",
            "recover" : "671"
        },
        "41-50" : {
            "sum" : "502",
            "recover" : "494"
        },
        "51-60" : {
            "sum" : "374",
            "recover" : "360"
        },
        "61-70" : {
            "sum" : "202",
            "recover" : "195"
        },
        "71-80" : {
            "sum" : "84",
            "recover" : "76"
        },
        "81-90" : {
            "sum" : "18",
            "recover" : "13"
        },
        "91-100" : {
            "sum" : "2",
            "recover" : "2"
        },
        "unknown" : {
            "sum" : "96",
            "recover" : "96"
        }
}